solver_name;reward_function;replica;filename;scenario_name;number_of_tasks;number_of_robots;number_of_recharging_stations;scenario_size;available_agents;failed_agents;finished_agents;completed_tasks;pending_tasks;failed_tasks;average_robot_makespan;sd_robot_makespan;max_robot_makespan;min_robot_makespan;average_robot_travel_distance;sd_robot_travel_distance;max_robot_travel_distance;min_robot_travel_distance;sum_robot_travel_distance;average_completed_tasks_by_robot;sd_completed_tasks_by_robot;max_completed_tasks_by_robot;min_completed_tasks_by_robot;final_reward;computing_time
random;reward00;14;../logs/prueba/scenario_12_06_01_random_reward00_014.log;scenario_12_06_01;12;6;1;(200,200);0;0;6;5;0;7;675.307;29.5306;702.003;644.867;304.653;112.912;463.106;142.77;1827.92;0;0;0;0;0.416667;0.0402061
cbba;reward00;14;../logs/prueba/scenario_12_06_01_cbba_reward00_014.log;scenario_12_06_01;12;6;1;(200,200);0;0;6;7;0;5;140.781;6.84791;152.284;133.845;266.827;87.7351;389.579;163.018;1600.96;0;0;0;0;0.583333;0.0199667
random;reward00;3;../logs/prueba/scenario_12_06_01_random_reward00_003.log;scenario_12_06_01;12;6;1;(200,200);0;0;6;5;0;7;658.944;7.33188;666.293;646.321;338.294;112.764;526.578;195.626;2029.76;0;0;0;0;0.416667;0.0612161
cbba;reward00;26;../logs/prueba/scenario_12_06_01_cbba_reward00_026.log;scenario_12_06_01;12;6;1;(200,200);0;0;6;9;0;3;145.457;16.9899;160.217;121.645;264.913;49.2952;322.374;209.438;1589.48;0;0;0;0;0.75;0.0187855
greedy;reward00;10;../logs/prueba/scenario_12_06_01_greedy_reward00_010.log;scenario_12_06_01;12;6;1;(200,200);0;3;3;6;0;6;172.763;47.0933;221.734;107.289;283.276;155.063;480.147;99.3688;1699.66;0;0;0;0;0.5;0.0203388
random;reward00;2;../logs/prueba/scenario_12_06_01_random_reward00_002.log;scenario_12_06_01;12;6;1;(200,200);0;0;6;8;0;4;290.196;50.759;353.573;249.969;407.592;161.681;700.764;254.25;2445.55;0;0;0;0;0.666667;0.0282274
cbaa;reward00;2;../logs/prueba/scenario_12_06_01_cbaa_reward00_002.log;scenario_12_06_01;12;6;1;(200,200);0;0;6;9;0;3;119.582;58.7172;148.355;0;253.141;148.377;406.792;0;1518.85;0;0;0;0;0.75;0.0130561
greedy;reward00;7;../logs/prueba/scenario_12_06_01_greedy_reward00_007.log;scenario_12_06_01;12;6;1;(200,200);0;1;5;6;0;6;167.138;10.4421;178.063;157.303;272.706;63.3876;393.564;212.563;1636.24;0;0;0;0;0.5;0.0170354
cbaa;reward00;11;../logs/prueba/scenario_12_06_01_cbaa_reward00_011.log;scenario_12_06_01;12;6;1;(200,200);0;2;4;2;0;10;407.199;539.056;1099.54;0;116.024;102.696;255.02;0;696.142;0;0;0;0;0.166667;0.0280514
cbba;reward00;27;../logs/prueba/scenario_12_06_01_cbba_reward00_027.log;scenario_12_06_01;12;6;1;(200,200);0;0;6;8;0;4;152.257;9.36576;160.091;137.573;309.859;80.9603;421.666;184.931;1859.15;0;0;0;0;0.666667;0.0175428
cbba;reward00;21;../logs/prueba/scenario_12_06_01_cbba_reward00_021.log;scenario_12_06_01;12;6;1;(200,200);0;0;6;8;0;4;215.287;10.5703;224.15;198.794;321.074;78.7975;427.438;243.727;1926.45;0;0;0;0;0.666667;0.0166241
greedy;reward00;18;../logs/prueba/scenario_12_06_01_greedy_reward00_018.log;scenario_12_06_01;12;6;1;(200,200);0;0;6;7;0;5;111.963;31.3363;153.971;56.3852;264.913;61.6784;322.374;163.018;1589.48;0;0;0;0;0.583333;0.0083001
cbaa;reward00;7;../logs/prueba/scenario_12_06_01_cbaa_reward00_007.log;scenario_12_06_01;12;6;1;(200,200);0;3;3;6;0;6;209.752;47.1706;246.934;120.3;226.21;130.453;424.585;95.5357;1357.26;0;0;0;0;0.5;0.0182374
cbaa;reward00;20;../logs/prueba/scenario_12_06_01_cbaa_reward00_020.log;scenario_12_06_01;12;6;1;(200,200);0;0;6;7;0;5;82.0415;69.7238;174.705;0;241.615;212.502;517.471;0;1449.69;0;0;0;0;0.583333;0.008835
cbaa;reward00;5;../logs/prueba/scenario_12_06_01_cbaa_reward00_005.log;scenario_12_06_01;12;6;1;(200,200);0;1;5;7;0;5;157.829;130.015;286.212;0;223.184;191.544;458.942;0;1339.1;0;0;0;0;0.583333;0.0113212
random;reward00;19;../logs/prueba/scenario_12_06_01_random_reward00_019.log;scenario_12_06_01;12;6;1;(200,200);0;0;6;6;0;6;629.097;30.9347;668.415;603.375;332.284;121.816;486.719;184.931;1993.7;0;0;0;0;0.5;0.0438226
cbba;reward00;23;../logs/prueba/scenario_12_06_01_cbba_reward00_023.log;scenario_12_06_01;12;6;1;(200,200);0;0;6;7;0;5;146.102;7.41164;159.254;138.985;285.902;84.3668;379.432;184.931;1715.41;0;0;0;0;0.583333;0.01848
greedy;reward00;22;../logs/prueba/scenario_12_06_01_greedy_reward00_022.log;scenario_12_06_01;12;6;1;(200,200);0;0;6;8;0;4;152.684;9.32628;167.236;141.238;264.913;49.2952;322.374;209.438;1589.48;0;0;0;0;0.666667;0.00972414
cbaa;reward00;13;../logs/prueba/scenario_12_06_01_cbaa_reward00_013.log;scenario_12_06_01;12;6;1;(200,200);0;1;5;6;0;6;581.244;404.802;841.468;0;183.484;106.995;293.065;0;1100.91;0;0;0;0;0.5;0.0427394
cbba;reward00;6;../logs/prueba/scenario_12_06_01_cbba_reward00_006.log;scenario_12_06_01;12;6;1;(200,200);0;0;6;8;0;4;146.241;18.4187;162.265;120.034;339.177;104.615;446.175;213.286;2035.06;0;0;0;0;0.666667;0.0174745
greedy;reward00;19;../logs/prueba/scenario_12_06_01_greedy_reward00_019.log;scenario_12_06_01;12;6;1;(200,200);0;0;6;9;0;3;89.3873;12.6631;114.872;81.9441;266.827;90.7274;414.57;163.018;1600.96;0;0;0;0;0.75;0.00638018
greedy;reward00;4;../logs/prueba/scenario_12_06_01_greedy_reward00_004.log;scenario_12_06_01;12;6;1;(200,200);0;1;5;6;0;6;157.805;36.8174;230.216;126.634;248.633;67.7666;343.841;163.018;1491.8;0;0;0;0;0.5;0.0129072
random;reward00;18;../logs/prueba/scenario_12_06_01_random_reward00_018.log;scenario_12_06_01;12;6;1;(200,200);0;0;6;7;0;5;278.851;20.9428;297.593;252.56;446.98;125.663;568.444;204.646;2681.88;0;0;0;0;0.583333;0.0205712
cbaa;reward00;21;../logs/prueba/scenario_12_06_01_cbaa_reward00_021.log;scenario_12_06_01;12;6;1;(200,200);0;3;3;8;0;4;136.316;72.4638;194.277;0;234.612;138.279;356.549;0;1407.67;0;0;0;0;0.666667;0.0150667
cbaa;reward00;1;../logs/prueba/scenario_12_06_01_cbaa_reward00_001.log;scenario_12_06_01;12;6;1;(200,200);0;1;5;5;0;7;408.468;269.657;582.51;0;270.412;183.387;518.39;0;1622.47;0;0;0;0;0.416667;0.0342286
cbaa;reward00;16;../logs/prueba/scenario_12_06_01_cbaa_reward00_016.log;scenario_12_06_01;12;6;1;(200,200);0;0;6;6;0;6;231.163;114.641;311.772;0;267.36;150.192;412.453;0;1604.16;0;0;0;0;0.5;0.0134549
cbba;reward00;12;../logs/prueba/scenario_12_06_01_cbba_reward00_012.log;scenario_12_06_01;12;6;1;(200,200);0;1;5;7;0;5;152.835;10.6507;163.123;137.571;282.997;83.1101;384.351;176.389;1697.98;0;0;0;0;0.583333;0.0151509
random;reward00;1;../logs/prueba/scenario_12_06_01_random_reward00_001.log;scenario_12_06_01;12;6;1;(200,200);0;0;6;5;0;7;603.203;14.3956;620.804;585.453;403.248;102.415;529.982;263.998;2419.49;0;0;0;0;0.416667;0.0465789
cbaa;reward00;15;../logs/prueba/scenario_12_06_01_cbaa_reward00_015.log;scenario_12_06_01;12;6;1;(200,200);0;1;5;8;0;4;265.024;53.6908;313.059;200.194;315.356;124.398;453.051;135.37;1892.14;0;0;0;0;0.666667;0.023356
greedy;reward00;12;../logs/prueba/scenario_12_06_01_greedy_reward00_012.log;scenario_12_06_01;12;6;1;(200,200);0;0;6;7;0;5;192.715;28.1608;230.216;166.912;266.827;96.7744;436.037;163.018;1600.96;0;0;0;0;0.583333;0.0128847
cbba;reward00;17;../logs/prueba/scenario_12_06_01_cbba_reward00_017.log;scenario_12_06_01;12;6;1;(200,200);0;0;6;9;0;3;147.636;8.42692;154.495;133.812;306.856;56.9473;393.564;243.727;1841.14;0;0;0;0;0.75;0.0137922
greedy;reward00;11;../logs/prueba/scenario_12_06_01_greedy_reward00_011.log;scenario_12_06_01;12;6;1;(200,200);0;0;6;8;0;4;198.847;35.0003;233.497;166.926;256.997;66.1569;343.841;163.018;1541.98;0;0;0;0;0.666667;0.0168908
random;reward00;4;../logs/prueba/scenario_12_06_01_random_reward00_004.log;scenario_12_06_01;12;6;1;(200,200);0;0;6;3;0;9;860.425;40.8149;913.028;829.536;320.256;140.724;497.703;195.356;1921.54;0;0;0;0;0.25;0.0557711
cbaa;reward00;18;../logs/prueba/scenario_12_06_01_cbaa_reward00_018.log;scenario_12_06_01;12;6;1;(200,200);0;3;3;5;0;7;196.34;66.3058;258.568;117.886;232.806;125.669;364.332;99.3688;1396.83;0;0;0;0;0.416667;0.0196525
cbba;reward00;24;../logs/prueba/scenario_12_06_01_cbba_reward00_024.log;scenario_12_06_01;12;6;1;(200,200);0;1;5;8;0;4;125.005;8.756;135.65;110.097;294.78;93.4195;393.564;176.389;1768.68;0;0;0;0;0.666667;0.0140382
cbaa;reward00;3;../logs/prueba/scenario_12_06_01_cbaa_reward00_003.log;scenario_12_06_01;12;6;1;(200,200);0;1;5;5;0;7;353.142;112.279;405.139;124.9;314.052;158.412;581.294;155.779;1884.31;0;0;0;0;0.416667;0.0250437
greedy;reward00;13;../logs/prueba/scenario_12_06_01_greedy_reward00_013.log;scenario_12_06_01;12;6;1;(200,200);0;0;6;7;0;5;155.679;8.7497;163.529;146.354;303.772;85.2869;406.758;184.931;1822.63;0;0;0;0;0.583333;0.00914361
random;reward00;20;../logs/prueba/scenario_12_06_01_random_reward00_020.log;scenario_12_06_01;12;6;1;(200,200);0;0;6;3;0;9;874.264;45.3084;930.949;824.277;274.008;102.448;455.472;163.018;1644.05;0;0;0;0;0.25;0.0562758
cbba;reward00;29;../logs/prueba/scenario_12_06_01_cbba_reward00_029.log;scenario_12_06_01;12;6;1;(200,200);0;0;6;5;0;7;226.5;7.41889;230.966;211.851;314.362;72.3439;386.511;206.315;1886.17;0;0;0;0;0.416667;0.0199969
cbaa;reward00;28;../logs/prueba/scenario_12_06_01_cbaa_reward00_028.log;scenario_12_06_01;12;6;1;(200,200);0;2;4;7;0;5;241.058;87.4204;352.036;117.08;269.453;140.203;453.415;94.8905;1616.72;0;0;0;0;0.583333;0.019398
cbaa;reward00;14;../logs/prueba/scenario_12_06_01_cbaa_reward00_014.log;scenario_12_06_01;12;6;1;(200,200);0;0;6;6;0;6;213.001;27.9326;263.757;179.592;282.647;82.881;414.57;163.018;1695.88;0;0;0;0;0.5;0.017582
random;reward00;17;../logs/prueba/scenario_12_06_01_random_reward00_017.log;scenario_12_06_01;12;6;1;(200,200);0;0;6;2;0;10;832.116;2.82614;834.695;829.536;395.577;119.294;573.763;266.392;2373.46;0;0;0;0;0.166667;0.051923
greedy;reward00;17;../logs/prueba/scenario_12_06_01_greedy_reward00_017.log;scenario_12_06_01;12;6;1;(200,200);0;0;6;7;0;5;197.26;10.4298;210.722;190.307;319.989;105.637;459.331;206.315;1919.93;0;0;0;0;0.583333;0.0117626
greedy;reward00;26;../logs/prueba/scenario_12_06_01_greedy_reward00_026.log;scenario_12_06_01;12;6;1;(200,200);0;0;6;7;0;5;167.839;11.2007;178.063;157.38;306.856;58.0045;384.351;243.727;1841.14;0;0;0;0;0.583333;0.0131113
random;reward00;10;../logs/prueba/scenario_12_06_01_random_reward00_010.log;scenario_12_06_01;12;6;1;(200,200);0;0;6;7;0;5;611.395;6.87019;617.667;605.124;332.621;80.3543;435.657;208.775;1995.72;0;0;0;0;0.583333;0.0461522
greedy;reward00;27;../logs/prueba/scenario_12_06_01_greedy_reward00_027.log;scenario_12_06_01;12;6;1;(200,200);0;1;5;7;0;5;137.149;14.7335;151.101;111.594;287.73;139.936;506.617;101.356;1726.38;0;0;0;0;0.583333;0.0117825
cbaa;reward00;6;../logs/prueba/scenario_12_06_01_cbaa_reward00_006.log;scenario_12_06_01;12;6;1;(200,200);0;1;5;9;0;3;140.75;14.5389;155.45;115.942;287.984;175.921;524.444;101.356;1727.9;0;0;0;0;0.75;0.0132947
cbba;reward00;20;../logs/prueba/scenario_12_06_01_cbba_reward00_020.log;scenario_12_06_01;12;6;1;(200,200);0;0;6;7;0;5;165.969;2.31923;167.573;162.983;306.856;39.1917;359.471;257.695;1841.14;0;0;0;0;0.583333;0.0203775
greedy;reward00;9;../logs/prueba/scenario_12_06_01_greedy_reward00_009.log;scenario_12_06_01;12;6;1;(200,200);0;0;6;8;0;4;163.048;24.9337;212.449;141.238;264.913;63.6882;322.374;163.018;1589.48;0;0;0;0;0.666667;0.0146099
cbba;reward00;25;../logs/prueba/scenario_12_06_01_cbba_reward00_025.log;scenario_12_06_01;12;6;1;(200,200);0;3;3;4;0;8;144.366;31.8612;180.525;104.796;267.891;124.862;384.351;113.903;1607.34;0;0;0;0;0.333333;0.0128517
cbba;reward00;13;../logs/prueba/scenario_12_06_01_cbba_reward00_013.log;scenario_12_06_01;12;6;1;(200,200);0;1;5;8;0;4;167.731;14.1232;185.35;155.268;290.576;32.7382;347.145;257.695;1743.46;0;0;0;0;0.666667;0.0192975
cbba;reward00;8;../logs/prueba/scenario_12_06_01_cbba_reward00_008.log;scenario_12_06_01;12;6;1;(200,200);0;0;6;3;0;9;185.82;20.502;194.289;143.971;290.877;63.2216;364.736;199.034;1745.26;0;0;0;0;0.25;0.0305897
greedy;reward00;23;../logs/prueba/scenario_12_06_01_greedy_reward00_023.log;scenario_12_06_01;12;6;1;(200,200);0;0;6;8;0;4;158.058;9.23073;166.451;141.172;304.291;64.6393;384.351;221.776;1825.75;0;0;0;0;0.666667;0.0171672
cbaa;reward00;19;../logs/prueba/scenario_12_06_01_cbaa_reward00_019.log;scenario_12_06_01;12;6;1;(200,200);0;3;3;3;0;9;264.766;341.82;926.702;0;116.176;112.391;293.065;0;697.057;0;0;0;0;0.25;0.022453
greedy;reward00;3;../logs/prueba/scenario_12_06_01_greedy_reward00_003.log;scenario_12_06_01;12;6;1;(200,200);0;0;6;8;0;4;199.735;24.7231;212.787;149.859;256.997;63.2002;322.374;163.018;1541.98;0;0;0;0;0.666667;0.0173755
cbaa;reward00;24;../logs/prueba/scenario_12_06_01_cbaa_reward00_024.log;scenario_12_06_01;12;6;1;(200,200);0;1;5;9;0;3;183.895;17.1504;204.94;152.622;289.258;98.1553;412.827;195.356;1735.55;0;0;0;0;0.75;0.0177295
greedy;reward00;16;../logs/prueba/scenario_12_06_01_greedy_reward00_016.log;scenario_12_06_01;12;6;1;(200,200);0;3;3;6;0;6;149.981;23.9548;173.723;114.367;261.386;107.84;386.511;135.37;1568.32;0;0;0;0;0.5;0.00800192
cbba;reward00;4;../logs/prueba/scenario_12_06_01_cbba_reward00_004.log;scenario_12_06_01;12;6;1;(200,200);0;0;6;5;0;7;217.896;9.24514;229.423;209.451;319.989;109.457;484.21;206.315;1919.93;0;0;0;0;0.416667;0.0204844
cbba;reward00;16;../logs/prueba/scenario_12_06_01_cbba_reward00_016.log;scenario_12_06_01;12;6;1;(200,200);0;0;6;5;0;7;147.293;11.7294;162.205;138.52;306.856;39.2093;359.471;257.695;1841.14;0;0;0;0;0.416667;0.0195591
greedy;reward00;14;../logs/prueba/scenario_12_06_01_greedy_reward00_014.log;scenario_12_06_01;12;6;1;(200,200);0;0;6;7;0;5;204.049;14.1528;218.223;186.977;319.989;111.537;493.423;206.315;1919.93;0;0;0;0;0.583333;0.0167607
random;reward00;6;../logs/prueba/scenario_12_06_01_random_reward00_006.log;scenario_12_06_01;12;6;1;(200,200);0;0;6;8;0;4;600.072;11.1015;613.105;584.613;433.634;122.67;571.136;252.013;2601.8;0;0;0;0;0.666667;0.0428317
random;reward00;12;../logs/prueba/scenario_12_06_01_random_reward00_012.log;scenario_12_06_01;12;6;1;(200,200);0;1;5;5;0;7;837.932;8.39794;847.425;827.885;286.871;153.866;557.684;120.018;1721.22;0;0;0;0;0.416667;0.0539623
cbba;reward00;1;../logs/prueba/scenario_12_06_01_cbba_reward00_001.log;scenario_12_06_01;12;6;1;(200,200);0;0;6;5;0;7;206.78;16.2234;226.993;192.245;256.997;63.2002;322.374;163.018;1541.98;0;0;0;0;0.416667;0.0193971
random;reward00;25;../logs/prueba/scenario_12_06_01_random_reward00_025.log;scenario_12_06_01;12;6;1;(200,200);0;2;4;4;0;8;428.019;26.695;459.374;400.357;353.112;85.1175;500.314;246.342;2118.67;0;0;0;0;0.333333;0.0301429
cbaa;reward00;10;../logs/prueba/scenario_12_06_01_cbaa_reward00_010.log;scenario_12_06_01;12;6;1;(200,200);0;0;6;7;0;5;79.7853;90.3085;180.323;0;229.808;275.784;584.226;0;1378.85;0;0;0;0;0.583333;0.00654399
random;reward00;28;../logs/prueba/scenario_12_06_01_random_reward00_028.log;scenario_12_06_01;12;6;1;(200,200);0;0;6;6;0;6;630.683;15.329;642.098;603.079;355.724;174.7;682.564;195.399;2134.34;0;0;0;0;0.5;0.04351
greedy;reward00;24;../logs/prueba/scenario_12_06_01_greedy_reward00_024.log;scenario_12_06_01;12;6;1;(200,200);0;1;5;9;0;3;186.477;20.4535;206.754;166.061;253.824;67.6502;322.374;163.018;1522.95;0;0;0;0;0.75;0.0145616
greedy;reward00;5;../logs/prueba/scenario_12_06_01_greedy_reward00_005.log;scenario_12_06_01;12;6;1;(200,200);0;4;2;7;0;5;234.955;102.45;338.179;111.744;267.201;163.182;477.158;71.3609;1603.2;0;0;0;0;0.583333;0.0188615
random;reward00;15;../logs/prueba/scenario_12_06_01_random_reward00_015.log;scenario_12_06_01;12;6;1;(200,200);0;0;6;3;0;9;838.21;4.65845;841.468;832.219;220.193;56.9484;300.953;133.851;1321.16;0;0;0;0;0.25;0.0506718
greedy;reward00;20;../logs/prueba/scenario_12_06_01_greedy_reward00_020.log;scenario_12_06_01;12;6;1;(200,200);0;2;4;6;0;6;175.149;57.6893;223.574;101.933;302.751;171.923;475.107;99.3688;1816.51;0;0;0;0;0.5;0.0181733
cbaa;reward00;26;../logs/prueba/scenario_12_06_01_cbaa_reward00_026.log;scenario_12_06_01;12;6;1;(200,200);0;1;5;4;0;8;187.35;146.982;310.419;0;225.476;191.654;442.117;0;1352.86;0;0;0;0;0.333333;0.0138876
cbba;reward00;2;../logs/prueba/scenario_12_06_01_cbba_reward00_002.log;scenario_12_06_01;12;6;1;(200,200);0;0;6;6;0;6;214.474;28.9391;251.833;195.616;338.266;132.837;495.537;191.819;2029.59;0;0;0;0;0.5;0.0277462
random;reward00;23;../logs/prueba/scenario_12_06_01_random_reward00_023.log;scenario_12_06_01;12;6;1;(200,200);0;0;6;7;0;5;604.478;16.2525;619.314;589.641;430.185;194.745;677.887;195.356;2581.11;0;0;0;0;0.583333;0.0441052
greedy;reward00;25;../logs/prueba/scenario_12_06_01_greedy_reward00_025.log;scenario_12_06_01;12;6;1;(200,200);0;0;6;6;0;6;234.418;18.7431;250.753;207.9;316.074;74.2247;412.453;206.315;1896.45;0;0;0;0;0.5;0.0192976
random;reward00;7;../logs/prueba/scenario_12_06_01_random_reward00_007.log;scenario_12_06_01;12;6;1;(200,200);0;0;6;3;0;9;644.276;24.9423;667.045;621.507;410.913;145.859;653.725;259.756;2465.48;0;0;0;0;0.25;0.0540047
cbba;reward00;22;../logs/prueba/scenario_12_06_01_cbba_reward00_022.log;scenario_12_06_01;12;6;1;(200,200);0;0;6;7;0;5;148.989;40.5612;214.731;110.626;264.593;163.383;475.381;95.5357;1587.56;0;0;0;0;0.583333;0.0190954
cbaa;reward00;22;../logs/prueba/scenario_12_06_01_cbaa_reward00_022.log;scenario_12_06_01;12;6;1;(200,200);0;0;6;9;0;3;151.542;119.988;243.363;0;255.269;223.156;515.299;0;1531.61;0;0;0;0;0.75;0.0152475
greedy;reward00;8;../logs/prueba/scenario_12_06_01_greedy_reward00_008.log;scenario_12_06_01;12;6;1;(200,200);0;0;6;10;0;2;150.399;33.3676;185.954;119.81;264.593;159.65;428.923;95.5357;1587.56;0;0;0;0;0.833333;0.0131704
cbaa;reward00;17;../logs/prueba/scenario_12_06_01_cbaa_reward00_017.log;scenario_12_06_01;12;6;1;(200,200);0;0;6;8;0;4;138.951;4.42804;145.268;131.354;278.198;20.9101;303.992;257.695;1669.19;0;0;0;0;0.666667;0.0132305
random;reward00;29;../logs/prueba/scenario_12_06_01_random_reward00_029.log;scenario_12_06_01;12;6;1;(200,200);0;0;6;4;0;8;727.968;17.5809;746.393;698.874;320.99;168.964;528.084;76.2341;1925.94;0;0;0;0;0.333333;0.0538068
random;reward00;26;../logs/prueba/scenario_12_06_01_random_reward00_026.log;scenario_12_06_01;12;6;1;(200,200);0;0;6;5;0;7;736.224;26.8461;760.731;711.717;371.096;195.879;766.417;256.026;2226.58;0;0;0;0;0.416667;0.042528
random;reward00;21;../logs/prueba/scenario_12_06_01_random_reward00_021.log;scenario_12_06_01;12;6;1;(200,200);0;1;5;7;0;5;207.698;18.4278;225.83;186.286;415.253;198.35;712.368;190.802;2491.52;0;0;0;0;0.583333;0.0162031
cbaa;reward00;4;../logs/prueba/scenario_12_06_01_cbaa_reward00_004.log;scenario_12_06_01;12;6;1;(200,200);0;0;6;4;0;8;275.294;136.861;349.161;0;263.376;144.287;421.666;0;1580.26;0;0;0;0;0.333333;0.0277509
cbaa;reward00;25;../logs/prueba/scenario_12_06_01_cbaa_reward00_025.log;scenario_12_06_01;12;6;1;(200,200);0;0;6;9;0;3;143.981;72.4797;183.777;0;259.892;152.578;424.585;0;1559.35;0;0;0;0;0.75;0.0151918
greedy;reward00;2;../logs/prueba/scenario_12_06_01_greedy_reward00_002.log;scenario_12_06_01;12;6;1;(200,200);0;0;6;5;0;7;145.789;8.7234;156.779;139.064;290.877;75.678;397.545;199.034;1745.26;0;0;0;0;0.416667;0.0153528
cbba;reward00;28;../logs/prueba/scenario_12_06_01_cbba_reward00_028.log;scenario_12_06_01;12;6;1;(200,200);0;0;6;5;0;7;231.169;22.9262;251.908;204.813;272.303;76.9127;377.298;163.018;1633.82;0;0;0;0;0.416667;0.0307503
random;reward00;22;../logs/prueba/scenario_12_06_01_random_reward00_022.log;scenario_12_06_01;12;6;1;(200,200);0;0;6;3;0;9;724.051;37.5099;757.309;674.493;316.783;123.879;460.671;195.399;1900.7;0;0;0;0;0.25;0.0466565
greedy;reward00;15;../logs/prueba/scenario_12_06_01_greedy_reward00_015.log;scenario_12_06_01;12;6;1;(200,200);0;0;6;7;0;5;190.503;27.2239;245.879;177.573;306.856;58.0164;384.351;243.727;1841.14;0;0;0;0;0.583333;0.0150479
random;reward00;30;../logs/prueba/scenario_12_06_01_random_reward00_030.log;scenario_12_06_01;12;6;1;(200,200);0;0;6;2;0;10;658.301;23.8918;679.902;633.689;388.148;170.875;611.871;199.034;2328.89;0;0;0;0;0.166667;0.0407059
cbaa;reward00;30;../logs/prueba/scenario_12_06_01_cbaa_reward00_030.log;scenario_12_06_01;12;6;1;(200,200);0;0;6;7;0;5;237.446;184.122;368.519;0;249.374;219.673;538.95;0;1496.25;0;0;0;0;0.583333;0.0168539
random;reward00;13;../logs/prueba/scenario_12_06_01_random_reward00_013.log;scenario_12_06_01;12;6;1;(200,200);0;0;6;5;0;7;857.542;41.2906;941.803;839.52;324.516;69.4052;425.642;256.017;1947.09;0;0;0;0;0.416667;0.0526272
greedy;reward00;21;../logs/prueba/scenario_12_06_01_greedy_reward00_021.log;scenario_12_06_01;12;6;1;(200,200);0;0;6;8;0;4;107.242;51.8737;154.587;58.0294;306.856;42.7249;368.684;257.695;1841.14;0;0;0;0;0.666667;0.00767751
greedy;reward00;29;../logs/prueba/scenario_12_06_01_greedy_reward00_029.log;scenario_12_06_01;12;6;1;(200,200);0;0;6;7;0;5;245.609;27.9294;281.65;226.664;334.221;140.166;486.371;197.069;2005.32;0;0;0;0;0.583333;0.0337511
random;reward00;9;../logs/prueba/scenario_12_06_01_random_reward00_009.log;scenario_12_06_01;12;6;1;(200,200);0;0;6;6;0;6;614.798;38.2359;663.912;582.823;412.259;83.3613;504.351;319.42;2473.55;0;0;0;0;0.5;0.0474983
random;reward00;8;../logs/prueba/scenario_12_06_01_random_reward00_008.log;scenario_12_06_01;12;6;1;(200,200);0;0;6;9;0;3;604.644;21.508;627.777;570.041;376.01;182.49;630.644;133.851;2256.06;0;0;0;0;0.75;0.0474035
greedy;reward00;28;../logs/prueba/scenario_12_06_01_greedy_reward00_028.log;scenario_12_06_01;12;6;1;(200,200);0;0;6;8;0;4;153.716;9.22807;160.481;140.748;264.913;65.3512;343.841;163.018;1589.48;0;0;0;0;0.666667;0.0212499
cbba;reward00;9;../logs/prueba/scenario_12_06_01_cbba_reward00_009.log;scenario_12_06_01;12;6;1;(200,200);0;0;6;7;0;5;116.437;18.3314;135.687;99.9286;256.997;64.5146;322.374;163.018;1541.98;0;0;0;0;0.583333;0.0213335
random;reward00;16;../logs/prueba/scenario_12_06_01_random_reward00_016.log;scenario_12_06_01;12;6;1;(200,200);0;0;6;7;0;5;631.885;6.32578;637.659;626.11;399.266;132.183;590.01;254.609;2395.59;0;0;0;0;0.583333;0.0351748
cbaa;reward00;23;../logs/prueba/scenario_12_06_01_cbaa_reward00_023.log;scenario_12_06_01;12;6;1;(200,200);0;1;5;7;0;5;186.624;126.064;297.653;0;245.537;168.189;512.84;0;1473.22;0;0;0;0;0.583333;0.0143614
cbba;reward00;3;../logs/prueba/scenario_12_06_01_cbba_reward00_003.log;scenario_12_06_01;12;6;1;(200,200);0;0;6;6;0;6;279.587;42.0439;333.268;240.697;331.197;102.023;465.261;243.727;1987.18;0;0;0;0;0.5;0.025354
cbba;reward00;18;../logs/prueba/scenario_12_06_01_cbba_reward00_018.log;scenario_12_06_01;12;6;1;(200,200);0;0;6;9;0;3;142.857;8.93766;152.633;132.661;319.989;108.504;468.544;206.315;1919.93;0;0;0;0;0.75;0.017619
cbba;reward00;11;../logs/prueba/scenario_12_06_01_cbba_reward00_011.log;scenario_12_06_01;12;6;1;(200,200);0;0;6;7;0;5;189.674;19.9616;230.216;179.123;304.291;71.5535;421.666;212.563;1825.75;0;0;0;0;0.583333;0.0176009
cbba;reward00;15;../logs/prueba/scenario_12_06_01_cbba_reward00_015.log;scenario_12_06_01;12;6;1;(200,200);0;0;6;5;0;7;220.37;18.5464;233.735;192.275;276.684;29.4923;318.849;243.727;1660.1;0;0;0;0;0.416667;0.027833
greedy;reward00;6;../logs/prueba/scenario_12_06_01_greedy_reward00_006.log;scenario_12_06_01;12;6;1;(200,200);0;0;6;9;0;3;132.087;25.2033;159.877;103.536;319.989;105.637;459.331;206.315;1919.93;0;0;0;0;0.75;0.0155647
cbba;reward00;7;../logs/prueba/scenario_12_06_01_cbba_reward00_007.log;scenario_12_06_01;12;6;1;(200,200);0;1;5;6;0;6;167.498;9.31343;174.411;148.858;269.583;68.3993;397.545;199.034;1617.5;0;0;0;0;0.5;0.0230945
greedy;reward00;1;../logs/prueba/scenario_12_06_01_greedy_reward00_001.log;scenario_12_06_01;12;6;1;(200,200);0;0;6;5;0;7;92.8109;27.5513;145.454;70.411;306.856;42.7411;368.684;257.695;1841.14;0;0;0;0;0.416667;0.0134823
random;reward00;27;../logs/prueba/scenario_12_06_01_random_reward00_027.log;scenario_12_06_01;12;6;1;(200,200);0;0;6;3;0;9;831.718;4.71871;835.652;824.277;305.001;121.443;471.282;195.356;1830.01;0;0;0;0;0.25;0.0453137
cbba;reward00;30;../logs/prueba/scenario_12_06_01_cbba_reward00_030.log;scenario_12_06_01;12;6;1;(200,200);0;6;0;7;0;5;140.91;8.62847;148.006;126.975;206.917;70.7813;295.886;113.903;1241.5;0;0;0;0;0.583333;0.0187571
cbaa;reward00;27;../logs/prueba/scenario_12_06_01_cbaa_reward00_027.log;scenario_12_06_01;12;6;1;(200,200);0;3;3;3;0;9;332.387;387.514;829.536;0;191.333;177.738;421.666;0;1148;0;0;0;0;0.25;0.0249467
random;reward00;24;../logs/prueba/scenario_12_06_01_random_reward00_024.log;scenario_12_06_01;12;6;1;(200,200);0;0;6;6;0;6;348.189;0.905882;349.356;347.507;406.289;153.561;607.312;255.672;2437.73;0;0;0;0;0.5;0.0260331
greedy;reward00;30;../logs/prueba/scenario_12_06_01_greedy_reward00_030.log;scenario_12_06_01;12;6;1;(200,200);0;2;4;7;0;5;206.091;72.3744;257.853;112.845;297.974;188.703;475.107;71.3609;1787.85;0;0;0;0;0.583333;0.0268532
random;reward00;5;../logs/prueba/scenario_12_06_01_random_reward00_005.log;scenario_12_06_01;12;6;1;(200,200);0;0;6;5;0;7;731.16;6.22357;735.519;723.129;382.109;167.558;642.836;195.356;2292.66;0;0;0;0;0.416667;0.0534085
cbba;reward00;5;../logs/prueba/scenario_12_06_01_cbba_reward00_005.log;scenario_12_06_01;12;6;1;(200,200);0;0;6;4;0;8;228.193;8.12969;235.035;218.477;272.303;78.2865;377.298;163.018;1633.82;0;0;0;0;0.333333;0.0190409
cbaa;reward00;12;../logs/prueba/scenario_12_06_01_cbaa_reward00_012.log;scenario_12_06_01;12;6;1;(200,200);0;0;6;5;0;7;437.225;478.956;874.45;0;156.476;191.332;460.303;0;938.858;0;0;0;0;0.416667;0.0287198
cbba;reward00;10;../logs/prueba/scenario_12_06_01_cbba_reward00_010.log;scenario_12_06_01;12;6;1;(200,200);0;0;6;8;0;4;148.315;9.85186;155.334;133.693;288.986;48.0487;347.145;212.563;1733.92;0;0;0;0;0.666667;0.0245552
random;reward00;11;../logs/prueba/scenario_12_06_01_random_reward00_011.log;scenario_12_06_01;12;6;1;(200,200);0;0;6;3;0;9;629.376;48.3334;677.486;585.453;394.451;143.515;629.535;195.356;2366.71;0;0;0;0;0.25;0.0376644
cbaa;reward00;29;../logs/prueba/scenario_12_06_01_cbaa_reward00_029.log;scenario_12_06_01;12;6;1;(200,200);0;1;5;5;0;7;152.134;80.4041;240.385;0;277.84;162.316;459.14;0;1667.04;0;0;0;0;0.416667;0.013499
cbba;reward00;19;../logs/prueba/scenario_12_06_01_cbba_reward00_019.log;scenario_12_06_01;12;6;1;(200,200);0;0;6;8;0;4;183.4;16.7237;204.495;170.554;306.856;42.7411;368.684;257.695;1841.14;0;0;0;0;0.666667;0.0164832
cbaa;reward00;8;../logs/prueba/scenario_12_06_01_cbaa_reward00_008.log;scenario_12_06_01;12;6;1;(200,200);0;0;6;8;0;4;170.803;85.5536;219.423;0;292.112;196.963;544.377;0;1752.67;0;0;0;0;0.666667;0.0117688
cbaa;reward00;9;../logs/prueba/scenario_12_06_01_cbaa_reward00_009.log;scenario_12_06_01;12;6;1;(200,200);0;1;5;4;0;8;491.592;493.757;940.281;0;172.894;179.323;488.465;0;1037.36;0;0;0;0;0.333333;0.0395429